default,show
default,remove_greater
default,show
default,insert
default,show
default,show
default,show
default,remove_by_key
default,show
default,show
default,remove_by_key
default,show
default,remove_by_key
default,show
default,remove_by_key
default,show
default,insert
default,history
default,history
default,insert
default,show
default,insert
default,clear
default,clear
default,insert
default,show
default,clear
default,insert
default,show
default,save
default,clear
default,insert
default,show
default,clear
default,insert
default,show
default,clear
default,insert
default,show
default,clear
default,insert
default,show
default,clear
default,insert
default,update
default,show
default,insert
default,update
default,show
default,insert
default,update
default,show
default,clear
default,insert
default,insert
default,insert
default,insert
default,print_ascending
default,print_descending_venue
default,clear
default,insert
default,insert
default,insert
default,insert
default,print_ascending
default,print_descending_venue
default,clear
default,insert
default,insert
default,insert
default,insert
default,remove_by_key
default,show
default,clear
default,show
default,insert
default,insert
default,insert
default,insert
default,insert
default,insert
default,insert
default,insert
default,show
default,insert
default,insert
default,insert
default,insert
default,show
default,show
default,insert
default,insert
default,insert
default,insert
default,insert
default,insert
default,show
default,insert
default,update
default,show
